<?xml version="1.0" encoding="utf-8" standalone="yes" ?>
<rss version="2.0" xmlns:atom="http://www.w3.org/2005/Atom">
  <channel>
    <title>Installation on My New Hugo Site</title>
    <link>/basics/installation/</link>
    <description>Recent content in Installation on My New Hugo Site</description>
    <generator>Hugo -- gohugo.io</generator>
    <language>en-us</language>
    <lastBuildDate>Fri, 04 Jan 2019 00:00:00 +0000</lastBuildDate>
    
	<atom:link href="/basics/installation/index.xml" rel="self" type="application/rss+xml" />
    
    
    <item>
      <title>test</title>
      <link>/basics/installation/test/</link>
      <pubDate>Fri, 04 Jan 2019 00:00:00 +0000</pubDate>
      
      <guid>/basics/installation/test/</guid>
      <description>Lorem Ipsum.</description>
    </item>
    
  </channel>
</rss>