[
{
	"uri": "/basics/installation/test/",
	"title": "test",
	"tags": [],
	"description": "",
	"content": "\rLorem Ipsum.\n"
},
{
	"uri": "/cont/pages/",
	"title": "Pages organization",
	"tags": [],
	"description": "",
	"content": " In Hugo, pages are the core of your site. Once it is configured, pages are definitely the added value to your documentation site.\nFolders Organize your site like any other Hugo project. Typically, you will have a content folder with all your pages.\ncontent ├── level-one │ ├── level-two │ │ ├── level-three │ │ │ ├── level-four │ │ │ │ ├── _index.md \u0026lt;-- /level-one/level-two/level-three/level-four │ │ │ │ ├── page-4-a.md \u0026lt;-- /level-one/level-two/level-three/level-four/page-4-a │ │ │ │ ├── page-4-b.md \u0026lt;-- /level-one/level-two/level-three/level-four/page-4-b │ │ │ │ └── page-4-c.md \u0026lt;-- /level-one/level-two/level-three/level-four/page-4-c │ │ │ ├── _index.md \u0026lt;-- /level-one/level-two/level-three │ │ │ ├── page-3-a.md \u0026lt;-- /level-one/level-two/level-three/page-3-a │ │ │ ├── page-3-b.md \u0026lt;-- /level-one/level-two/level-three/page-3-b │ │ │ └── page-3-c.md \u0026lt;-- /level-one/level-two/level-three/page-3-c │ │ ├── _index.md \u0026lt;-- /level-one/level-two │ │ ├── page-2-a.md \u0026lt;-- /level-one/level-two/page-2-a │ │ ├── page-2-b.md \u0026lt;-- /level-one/level-two/page-2-b │ │ └── page-2-c.md \u0026lt;-- /level-one/level-two/page-2-c │ ├── _index.md \u0026lt;-- /level-one │ ├── page-1-a.md \u0026lt;-- /level-one/page-1-a │ ├── page-1-b.md \u0026lt;-- /level-one/page-1-b │ └── page-1-c.md \u0026lt;-- /level-one/page-1-c ├── _index.md \u0026lt;-- / └── page-top.md \u0026lt;-- /page-top  _index.md is required in each folder, it’s your “folder home page”\n Types Hugo-theme-learn defines two types of pages. Default and Chapter. Both can be used at any level of the documentation, the only difference being layout display.\nA Chapter displays a page meant to be used as introduction for a set of child pages. Commonly, it contains a simple title and a catch line to define content that can be found under it. You can define any HTML as prefix for the menu. In the example below, it\u0026rsquo;s just a number but that could be an icon.\n+++ title = \u0026quot;Basics\u0026quot; chapter = true weight = 5 pre = \u0026quot;\u0026lt;b\u0026gt;1. \u0026lt;/b\u0026gt;\u0026quot; +++ ### Chapter 1 # Basics Discover what this Hugo theme is all about and the core-concepts behind it.  To tell Hugo-theme-learn to consider a page as a chapter, set chapter=true in the Front Matter of the page.\nA Default page is any other content page.\n+++ title = \u0026quot;Installation\u0026quot; weight = 15 +++  The following steps are here to help you initialize your new website. If you don\u0026rsquo;t know Hugo at all, we strongly suggest you to train by following this great documentation for beginners.\nCreate your project Hugo provides a new command to create a new website.\nhugo new site \u0026lt;new_project\u0026gt;  Hugo-theme-learn provides archetypes to help you create this kind of pages.\nFront Matter configuration Each Hugo page has to define a Front Matter in yaml, toml or json.\nHugo-theme-learn uses the following parameters on top of Hugo ones :\n+++ # Table of content (toc) is enabled by default. Set this parameter to true to disable it. # Note: Toc is always disabled for chapter pages disableToc = \u0026quot;false\u0026quot; # If set, this will be used for the page's menu entry (instead of the `title` attribute) menuTitle = \u0026quot;\u0026quot; # The title of the page in menu will be prefixed by this HTML content pre = \u0026quot;\u0026quot; # The title of the page in menu will be postfixed by this HTML content post = \u0026quot;\u0026quot; # Set the page as a chapter, changing the way it's displayed chapter = false # Hide a menu entry by setting this to true hidden = false # Display name of this page modifier. If set, it will be displayed in the footer. LastModifierDisplayName = \u0026quot;\u0026quot; # Email of this page modifier. If set with LastModifierDisplayName, it will be displayed in the footer LastModifierEmail = \u0026quot;\u0026quot; +++  Add icon to a menu entry In the page frontmatter, add a pre param to insert any HTML code before the menu label. The example below uses the Github icon.\n+++ title = \u0026quot;Github repo\u0026quot; pre = \u0026quot;\u0026lt;i class='fab fa-github'\u0026gt;\u0026lt;/i\u0026gt; \u0026quot; +++  Ordering sibling menu/page entries Hugo provides a flexible way to handle order for your pages.\nThe simplest way is to set weight parameter to a number.\n+++ title = \u0026quot;My page\u0026quot; weight = 5 +++  Using a custom title for menu entries By default, Hugo-theme-learn will use a page\u0026rsquo;s title attribute for the menu item (or linkTitle if defined).\nBut a page\u0026rsquo;s title has to be descriptive on its own while the menu is a hierarchy. We\u0026rsquo;ve added the menuTitle parameter for that purpose:\nFor example (for a page named content/install/linux.md):\n+++ title = \u0026quot;Install on Linux\u0026quot; menuTitle = \u0026quot;Linux\u0026quot; +++  Homepage To configure your home page, you basically have three choices:\n Create an _index.md document in content folder and fill the file with Markdown content Create an index.html file in the static folder and fill the file with HTML content Configure your server to automatically redirect home page to one your documentation page  "
},
{
	"uri": "/basics/",
	"title": "Basics",
	"tags": [],
	"description": "",
	"content": " Chapter 1 Basics Discover what this Hugo theme is all about and the core-concepts behind it.\n"
},
{
	"uri": "/cont/archetypes/",
	"title": "Archetypes",
	"tags": [],
	"description": "",
	"content": " Using the command: hugo new [relative new content path], you can start a content file with the date and title automatically set. While this is a welcome feature, active writers need more : archetypes.\nIt is pre-configured skeleton pages with default front matter. Please refer to the documentation for types of page to understand the differences.\nChapter To create a Chapter page, run the following commands\nhugo new --kind chapter \u0026lt;name\u0026gt;/_index.md  It will create a page with predefined Front-Matter:\n+++ title = \u0026quot;{{ replace .Name \u0026quot;-\u0026quot; \u0026quot; \u0026quot; | title }}\u0026quot; date = {{ .Date }} weight = 5 chapter = true pre = \u0026quot;\u0026lt;b\u0026gt;X. \u0026lt;/b\u0026gt;\u0026quot; +++ ### Chapter X # Some Chapter title Lorem Ipsum.  Default To create a default page, run either one of the following commands\n# Either hugo new \u0026lt;chapter\u0026gt;/\u0026lt;name\u0026gt;/_index.md # Or hugo new \u0026lt;chapter\u0026gt;/\u0026lt;name\u0026gt;.md  It will create a page with predefined Front-Matter:\n+++ title = \u0026quot;{{ replace .Name \u0026quot;-\u0026quot; \u0026quot; \u0026quot; | title }}\u0026quot; date = {{ .Date }} weight = 5 +++ Lorem Ipsum.  "
},
{
	"uri": "/cont/",
	"title": "Content",
	"tags": [],
	"description": "",
	"content": " Chapter 2 Content Find out how to create and organize your content quickly and intuitively.\n"
},
{
	"uri": "/basics/requirements/",
	"title": "Requirements",
	"tags": [],
	"description": "",
	"content": "Thanks to the simplicity of Hugo, this page is as empty as this theme needs requirements.\nJust download latest version of Hugo binary (\u0026gt; 0.25) for your OS (Windows, Linux, Mac) : it\u0026rsquo;s that simple.\n"
},
{
	"uri": "/cont/markdown/",
	"title": "Markdown syntax",
	"tags": [],
	"description": "",
	"content": " This page is a shameful copy of the great Grav original page. Only difference is information about image customization (resizing, add CSS classes\u0026hellip;)\n Let\u0026rsquo;s face it: Writing content for the Web is tiresome. WYSIWYG editors help alleviate this task, but they generally result in horrible code, or worse yet, ugly web pages.\nMarkdown is a better way to write HTML, without all the complexities and ugliness that usually accompanies it.\nSome of the key benefits are:\n Markdown is simple to learn, with minimal extra characters so it\u0026rsquo;s also quicker to write content. Less chance of errors when writing in markdown. Produces valid XHTML output. Keeps the content and the visual display separate, so you cannot mess up the look of your site. Write in any text editor or Markdown application you like. Markdown is a joy to use!  John Gruber, the author of Markdown, puts it like this:\n The overriding design goal for Markdown’s formatting syntax is to make it as readable as possible. The idea is that a Markdown-formatted document should be publishable as-is, as plain text, without looking like it’s been marked up with tags or formatting instructions. While Markdown’s syntax has been influenced by several existing text-to-HTML filters, the single biggest source of inspiration for Markdown’s syntax is the format of plain text email. \u0026ndash; John Gruber\n Grav ships with built-in support for Markdown and Markdown Extra. You must enable Markdown Extra in your system.yaml configuration file\nWithout further delay, let us go over the main elements of Markdown and what the resulting HTML looks like:\n Bookmark this page for easy future reference!\n Headings Headings from h1 through h6 are constructed with a # for each level:\n# h1 Heading ## h2 Heading ### h3 Heading #### h4 Heading ##### h5 Heading ###### h6 Heading  Renders to:\nh1 Heading h2 Heading h3 Heading h4 Heading h5 Heading h6 Heading HTML:\n\u0026lt;h1\u0026gt;h1 Heading\u0026lt;/h1\u0026gt; \u0026lt;h2\u0026gt;h2 Heading\u0026lt;/h2\u0026gt; \u0026lt;h3\u0026gt;h3 Heading\u0026lt;/h3\u0026gt; \u0026lt;h4\u0026gt;h4 Heading\u0026lt;/h4\u0026gt; \u0026lt;h5\u0026gt;h5 Heading\u0026lt;/h5\u0026gt; \u0026lt;h6\u0026gt;h6 Heading\u0026lt;/h6\u0026gt;  Comments Comments should be HTML compatible\n\u0026lt;!-- This is a comment --\u0026gt;  Comment below should NOT be seen:\nHorizontal Rules The HTML \u0026lt;hr\u0026gt; element is for creating a \u0026ldquo;thematic break\u0026rdquo; between paragraph-level elements. In markdown, you can create a \u0026lt;hr\u0026gt; with any of the following:\n ___: three consecutive underscores ---: three consecutive dashes ***: three consecutive asterisks  renders to:\nBody Copy Body copy written as normal, plain text will be wrapped with \u0026lt;p\u0026gt;\u0026lt;/p\u0026gt; tags in the rendered HTML.\nSo this body copy:\nLorem ipsum dolor sit amet, graecis denique ei vel, at duo primis mandamus. Et legere ocurreret pri, animal tacimates complectitur ad cum. Cu eum inermis inimicus efficiendi. Labore officiis his ex, soluta officiis concludaturque ei qui, vide sensibus vim ad.  renders to this HTML:\n\u0026lt;p\u0026gt;Lorem ipsum dolor sit amet, graecis denique ei vel, at duo primis mandamus. Et legere ocurreret pri, animal tacimates complectitur ad cum. Cu eum inermis inimicus efficiendi. Labore officiis his ex, soluta officiis concludaturque ei qui, vide sensibus vim ad.\u0026lt;/p\u0026gt;  Emphasis Bold For emphasizing a snippet of text with a heavier font-weight.\nThe following snippet of text is rendered as bold text.\n**rendered as bold text**  renders to:\nrendered as bold text\nand this HTML\n\u0026lt;strong\u0026gt;rendered as bold text\u0026lt;/strong\u0026gt;  Italics For emphasizing a snippet of text with italics.\nThe following snippet of text is rendered as italicized text.\n_rendered as italicized text_  renders to:\nrendered as italicized text\nand this HTML:\n\u0026lt;em\u0026gt;rendered as italicized text\u0026lt;/em\u0026gt;  strikethrough In GFM (GitHub flavored Markdown) you can do strikethroughs.\n~~Strike through this text.~~  Which renders to:\nStrike through this text.\nHTML:\n\u0026lt;del\u0026gt;Strike through this text.\u0026lt;/del\u0026gt;  Blockquotes For quoting blocks of content from another source within your document.\nAdd \u0026gt; before any text you want to quote.\n\u0026gt; **Fusion Drive** combines a hard drive with a flash storage (solid-state drive) and presents it as a single logical volume with the space of both drives combined.  Renders to:\n Fusion Drive combines a hard drive with a flash storage (solid-state drive) and presents it as a single logical volume with the space of both drives combined.\n and this HTML:\n\u0026lt;blockquote\u0026gt; \u0026lt;p\u0026gt;\u0026lt;strong\u0026gt;Fusion Drive\u0026lt;/strong\u0026gt; combines a hard drive with a flash storage (solid-state drive) and presents it as a single logical volume with the space of both drives combined.\u0026lt;/p\u0026gt; \u0026lt;/blockquote\u0026gt;  Blockquotes can also be nested:\n\u0026gt; Donec massa lacus, ultricies a ullamcorper in, fermentum sed augue. Nunc augue augue, aliquam non hendrerit ac, commodo vel nisi. \u0026gt; \u0026gt; \u0026gt; Sed adipiscing elit vitae augue consectetur a gravida nunc vehicula. Donec auctor odio non est accumsan facilisis. Aliquam id turpis in dolor tincidunt mollis ac eu diam. \u0026gt; \u0026gt; Mauris sit amet ligula egestas, feugiat metus tincidunt, luctus libero. Donec congue finibus tempor. Vestibulum aliquet sollicitudin erat, ut aliquet purus posuere luctus.  Renders to:\n Donec massa lacus, ultricies a ullamcorper in, fermentum sed augue. Nunc augue augue, aliquam non hendrerit ac, commodo vel nisi.\n Sed adipiscing elit vitae augue consectetur a gravida nunc vehicula. Donec auctor odio non est accumsan facilisis. Aliquam id turpis in dolor tincidunt mollis ac eu diam.\n Mauris sit amet ligula egestas, feugiat metus tincidunt, luctus libero. Donec congue finibus tempor. Vestibulum aliquet sollicitudin erat, ut aliquet purus posuere luctus.\n Notices The old mechanism for notices overriding the block quote syntax (\u0026gt;\u0026gt;\u0026gt;) has been deprecated. Notices are now handled via a dedicated plugin called Markdown Notices\n Lists Unordered A list of items in which the order of the items does not explicitly matter.\nYou may use any of the following symbols to denote bullets for each list item:\n* valid bullet - valid bullet + valid bullet  For example\n+ Lorem ipsum dolor sit amet + Consectetur adipiscing elit + Integer molestie lorem at massa + Facilisis in pretium nisl aliquet + Nulla volutpat aliquam velit - Phasellus iaculis neque - Purus sodales ultricies - Vestibulum laoreet porttitor sem - Ac tristique libero volutpat at + Faucibus porta lacus fringilla vel + Aenean sit amet erat nunc + Eget porttitor lorem  Renders to:\n Lorem ipsum dolor sit amet Consectetur adipiscing elit Integer molestie lorem at massa Facilisis in pretium nisl aliquet Nulla volutpat aliquam velit  Phasellus iaculis neque Purus sodales ultricies Vestibulum laoreet porttitor sem Ac tristique libero volutpat at  Faucibus porta lacus fringilla vel Aenean sit amet erat nunc Eget porttitor lorem  And this HTML\n\u0026lt;ul\u0026gt; \u0026lt;li\u0026gt;Lorem ipsum dolor sit amet\u0026lt;/li\u0026gt; \u0026lt;li\u0026gt;Consectetur adipiscing elit\u0026lt;/li\u0026gt; \u0026lt;li\u0026gt;Integer molestie lorem at massa\u0026lt;/li\u0026gt; \u0026lt;li\u0026gt;Facilisis in pretium nisl aliquet\u0026lt;/li\u0026gt; \u0026lt;li\u0026gt;Nulla volutpat aliquam velit \u0026lt;ul\u0026gt; \u0026lt;li\u0026gt;Phasellus iaculis neque\u0026lt;/li\u0026gt; \u0026lt;li\u0026gt;Purus sodales ultricies\u0026lt;/li\u0026gt; \u0026lt;li\u0026gt;Vestibulum laoreet porttitor sem\u0026lt;/li\u0026gt; \u0026lt;li\u0026gt;Ac tristique libero volutpat at\u0026lt;/li\u0026gt; \u0026lt;/ul\u0026gt; \u0026lt;/li\u0026gt; \u0026lt;li\u0026gt;Faucibus porta lacus fringilla vel\u0026lt;/li\u0026gt; \u0026lt;li\u0026gt;Aenean sit amet erat nunc\u0026lt;/li\u0026gt; \u0026lt;li\u0026gt;Eget porttitor lorem\u0026lt;/li\u0026gt; \u0026lt;/ul\u0026gt;  Ordered A list of items in which the order of items does explicitly matter.\n1. Lorem ipsum dolor sit amet 2. Consectetur adipiscing elit 3. Integer molestie lorem at massa 4. Facilisis in pretium nisl aliquet 5. Nulla volutpat aliquam velit 6. Faucibus porta lacus fringilla vel 7. Aenean sit amet erat nunc 8. Eget porttitor lorem  Renders to:\n Lorem ipsum dolor sit amet Consectetur adipiscing elit Integer molestie lorem at massa Facilisis in pretium nisl aliquet Nulla volutpat aliquam velit Faucibus porta lacus fringilla vel Aenean sit amet erat nunc Eget porttitor lorem  And this HTML:\n\u0026lt;ol\u0026gt; \u0026lt;li\u0026gt;Lorem ipsum dolor sit amet\u0026lt;/li\u0026gt; \u0026lt;li\u0026gt;Consectetur adipiscing elit\u0026lt;/li\u0026gt; \u0026lt;li\u0026gt;Integer molestie lorem at massa\u0026lt;/li\u0026gt; \u0026lt;li\u0026gt;Facilisis in pretium nisl aliquet\u0026lt;/li\u0026gt; \u0026lt;li\u0026gt;Nulla volutpat aliquam velit\u0026lt;/li\u0026gt; \u0026lt;li\u0026gt;Faucibus porta lacus fringilla vel\u0026lt;/li\u0026gt; \u0026lt;li\u0026gt;Aenean sit amet erat nunc\u0026lt;/li\u0026gt; \u0026lt;li\u0026gt;Eget porttitor lorem\u0026lt;/li\u0026gt; \u0026lt;/ol\u0026gt;  TIP: If you just use 1. for each number, Markdown will automatically number each item. For example:\n1. Lorem ipsum dolor sit amet 1. Consectetur adipiscing elit 1. Integer molestie lorem at massa 1. Facilisis in pretium nisl aliquet 1. Nulla volutpat aliquam velit 1. Faucibus porta lacus fringilla vel 1. Aenean sit amet erat nunc 1. Eget porttitor lorem  Renders to:\n Lorem ipsum dolor sit amet Consectetur adipiscing elit Integer molestie lorem at massa Facilisis in pretium nisl aliquet Nulla volutpat aliquam velit Faucibus porta lacus fringilla vel Aenean sit amet erat nunc Eget porttitor lorem  Code Inline code Wrap inline snippets of code with `.\nIn this example, `\u0026lt;section\u0026gt;\u0026lt;/section\u0026gt;` should be wrapped as **code**.  Renders to:\nIn this example, \u0026lt;section\u0026gt;\u0026lt;/section\u0026gt; should be wrapped with code.\nHTML:\n\u0026lt;p\u0026gt;In this example, \u0026lt;code\u0026gt;\u0026amp;lt;section\u0026amp;gt;\u0026amp;lt;/section\u0026amp;gt;\u0026lt;/code\u0026gt; should be wrapped with \u0026lt;strong\u0026gt;code\u0026lt;/strong\u0026gt;.\u0026lt;/p\u0026gt;  Indented code Or indent several lines of code by at least four spaces, as in:\n // Some comments line 1 of code line 2 of code line 3 of code  Renders to:\n// Some comments line 1 of code line 2 of code line 3 of code  HTML:\n\u0026lt;pre\u0026gt; \u0026lt;code\u0026gt; // Some comments line 1 of code line 2 of code line 3 of code \u0026lt;/code\u0026gt; \u0026lt;/pre\u0026gt;  Block code \u0026ldquo;fences\u0026rdquo; Use \u0026ldquo;fences\u0026rdquo; ``` to block in multiple lines of code.\n ``` markup Sample text here... ```  Sample text here...  HTML:\n\u0026lt;pre\u0026gt; \u0026lt;code\u0026gt;Sample text here...\u0026lt;/code\u0026gt; \u0026lt;/pre\u0026gt;  Syntax highlighting GFM, or \u0026ldquo;GitHub Flavored Markdown\u0026rdquo; also supports syntax highlighting. To activate it, simply add the file extension of the language you want to use directly after the first code \u0026ldquo;fence\u0026rdquo;, `js, and syntax highlighting will automatically be applied in the rendered HTML. For example, to apply syntax highlighting to JavaScript code:\n ```js grunt.initConfig({ assemble: { options: { assets: 'docs/assets', data: 'src/data/*.{json,yml}', helpers: 'src/custom-helpers.js', partials: ['src/partials/**/*.{hbs,md}'] }, pages: { options: { layout: 'default.hbs' }, files: { './': ['src/templates/pages/index.hbs'] } } } }; ```  Renders to:\ngrunt.initConfig({ assemble: { options: { assets: 'docs/assets', data: 'src/data/*.{json,yml}', helpers: 'src/custom-helpers.js', partials: ['src/partials/**/*.{hbs,md}'] }, pages: { options: { layout: 'default.hbs' }, files: { './': ['src/templates/pages/index.hbs'] } } } };  Tables Tables are created by adding pipes as dividers between each cell, and by adding a line of dashes (also separated by bars) beneath the header. Note that the pipes do not need to be vertically aligned.\n| Option | Description | | ------ | ----------- | | data | path to data files to supply the data that will be passed into templates. | | engine | engine to be used for processing templates. Handlebars is the default. | | ext | extension to be used for dest files. |  Renders to:\n   Option Description     data path to data files to supply the data that will be passed into templates.   engine engine to be used for processing templates. Handlebars is the default.   ext extension to be used for dest files.    And this HTML:\n\u0026lt;table\u0026gt; \u0026lt;tr\u0026gt; \u0026lt;th\u0026gt;Option\u0026lt;/th\u0026gt; \u0026lt;th\u0026gt;Description\u0026lt;/th\u0026gt; \u0026lt;/tr\u0026gt; \u0026lt;tr\u0026gt; \u0026lt;td\u0026gt;data\u0026lt;/td\u0026gt; \u0026lt;td\u0026gt;path to data files to supply the data that will be passed into templates.\u0026lt;/td\u0026gt; \u0026lt;/tr\u0026gt; \u0026lt;tr\u0026gt; \u0026lt;td\u0026gt;engine\u0026lt;/td\u0026gt; \u0026lt;td\u0026gt;engine to be used for processing templates. Handlebars is the default.\u0026lt;/td\u0026gt; \u0026lt;/tr\u0026gt; \u0026lt;tr\u0026gt; \u0026lt;td\u0026gt;ext\u0026lt;/td\u0026gt; \u0026lt;td\u0026gt;extension to be used for dest files.\u0026lt;/td\u0026gt; \u0026lt;/tr\u0026gt; \u0026lt;/table\u0026gt;  Right aligned text Adding a colon on the right side of the dashes below any heading will right align text for that column.\n| Option | Description | | ------:| -----------:| | data | path to data files to supply the data that will be passed into templates. | | engine | engine to be used for processing templates. Handlebars is the default. | | ext | extension to be used for dest files. |     Option Description     data path to data files to supply the data that will be passed into templates.   engine engine to be used for processing templates. Handlebars is the default.   ext extension to be used for dest files.    Links Basic link [Assemble](http://assemble.io)  Renders to (hover over the link, there is no tooltip):\nAssemble\nHTML:\n\u0026lt;a href=\u0026quot;http://assemble.io\u0026quot;\u0026gt;Assemble\u0026lt;/a\u0026gt;  Add a title [Upstage](https://github.com/upstage/ \u0026quot;Visit Upstage!\u0026quot;)  Renders to (hover over the link, there should be a tooltip):\nUpstage\nHTML:\n\u0026lt;a href=\u0026quot;https://github.com/upstage/\u0026quot; title=\u0026quot;Visit Upstage!\u0026quot;\u0026gt;Upstage\u0026lt;/a\u0026gt;  Named Anchors Named anchors enable you to jump to the specified anchor point on the same page. For example, each of these chapters:\n# Table of Contents * [Chapter 1](#chapter-1) * [Chapter 2](#chapter-2) * [Chapter 3](#chapter-3)  will jump to these sections:\n## Chapter 1 \u0026lt;a id=\u0026quot;chapter-1\u0026quot;\u0026gt;\u0026lt;/a\u0026gt; Content for chapter one. ## Chapter 2 \u0026lt;a id=\u0026quot;chapter-2\u0026quot;\u0026gt;\u0026lt;/a\u0026gt; Content for chapter one. ## Chapter 3 \u0026lt;a id=\u0026quot;chapter-3\u0026quot;\u0026gt;\u0026lt;/a\u0026gt; Content for chapter one.  NOTE that specific placement of the anchor tag seems to be arbitrary. They are placed inline here since it seems to be unobtrusive, and it works.\nImages Images have a similar syntax to links but include a preceding exclamation point.\n![Minion](https://octodex.github.com/images/minion.png)  or\n![Alt text](https://octodex.github.com/images/stormtroopocat.jpg \u0026quot;The Stormtroopocat\u0026quot;)  Like links, Images also have a footnote style syntax\nAlternative usage : note images ![Alt text][id]  With a reference later in the document defining the URL location:\n[id]: https://octodex.github.com/images/dojocat.jpg \u0026quot;The Dojocat\u0026quot;  Resizing image Add HTTP parameters width and/or height to the link image to resize the image. Values are CSS values (default is auto).\n![Minion](https://octodex.github.com/images/minion.png?width=20pc)  ![Minion](https://octodex.github.com/images/minion.png?height=50px)  ![Minion](https://octodex.github.com/images/minion.png?height=50px\u0026amp;width=300px)  Add CSS classes Add a HTTP classes parameter to the link image to add CSS classes. shadowand border are available but you could define other ones.\n![stormtroopocat](https://octodex.github.com/images/stormtroopocat.jpg?classes=shadow)  ![stormtroopocat](https://octodex.github.com/images/stormtroopocat.jpg?classes=border)  ![stormtroopocat](https://octodex.github.com/images/stormtroopocat.jpg?classes=border,shadow)  "
},
{
	"uri": "/shortcodes/",
	"title": "Shortcodes",
	"tags": [],
	"description": "",
	"content": "Hugo uses Markdown for its simple content format. However, there are a lot of things that Markdown doesn’t support well. You could use pure HTML to expand possibilities.\nBut this happens to be a bad idea. Everyone uses Markdown because it\u0026rsquo;s pure and simple to read even non-rendered. You should avoid HTML to keep it as simple as possible.\nTo avoid this limitations, Hugo created shortcodes. A shortcode is a simple snippet inside a page.\nHugo-theme-learn provides multiple shortcodes on top of existing ones.\n Attachments  The Attachments shortcode displays a list of files attached to a page.\n Button  Nice buttons on your page.\n Children  List the child pages of a page\n Expand  Displays an expandable/collapsible section of text on your page\n Mermaid  Generation of diagram and flowchart from text in a similar manner as markdown\n Notice  Disclaimers to help you structure your page\n Site param  Get value of site params variables in your page.\n "
},
{
	"uri": "/basics/installation/",
	"title": "Installation",
	"tags": [],
	"description": "",
	"content": " The following steps are here to help you initialize your new website. If you don\u0026rsquo;t know Hugo at all, we strongly suggest you learn more about it by following this great documentation for beginners.\nCreate your project Hugo provides a new command to create a new website.\nhugo new site \u0026lt;new_project\u0026gt;  Install the theme Install the Hugo-theme-learn theme by following this documentation\nThis theme\u0026rsquo;s repository is: https://github.com/matcornic/hugo-theme-learn.git\nAlternatively, you can download the theme as .zip file and extract it in the themes directory\nBasic configuration When building the website, you can set a theme by using --theme option. However, we suggest you modify the configuration file (config.toml) and set the theme as the default. You can also add the [outputs] section to enable the search functionality.\n# Change the default theme to be use when building the site with Hugo theme = \u0026quot;hugo-theme-learn\u0026quot; # For search functionality [outputs] home = [ \u0026quot;HTML\u0026quot;, \u0026quot;RSS\u0026quot;, \u0026quot;JSON\u0026quot;]  Create your first chapter page Chapters are pages that contain other child pages. It has a special layout style and usually just contains a chapter name, the title and a brief abstract of the section.\n### Chapter 1 # Basics Discover what this Hugo theme is all about and the core concepts behind it.  renders as\nHugo-theme-learn provides archetypes to create skeletons for your website. Begin by creating your first chapter page with the following command\nhugo new --kind chapter basics/_index.md  By opening the given file, you should see the property chapter=true on top, meaning this page is a chapter.\nBy default all chapters and pages are created as a draft. If you want to render these pages, remove the property draft: true from the metadata.\nCreate your first content pages Then, create content pages inside the previously created chapter. Here are two ways to create content in the chapter:\nhugo new basics/first-content.md hugo new basics/second-content/_index.md  Feel free to edit thoses files by adding some sample content and replacing the title value in the beginning of the files.\nLaunching the website locally Launch by using the following command:\nhugo serve  Go to http://localhost:1313\nYou should notice three things:\n You have a left-side Basics menu, containing two submenus with names equal to the title properties in the previously created files. The home page explains how to customize it by following the instructions. When you run hugo serve, when the contents of the files change, the page automatically refreshes with the changes. Neat!  Build the website When your site is ready to deploy, run the following command:\nhugo  A public folder will be generated, containing all static content and assets for your website. It can now be deployed on any web server.\nThis website can be automatically published and hosted with Netlify (Read more about Automated HUGO deployments with Netlify). Alternatively, you can use Github pages\n "
},
{
	"uri": "/basics/configuration/",
	"title": "Configuration",
	"tags": [],
	"description": "",
	"content": " Global site parameters On top of Hugo global configuration, Hugo-theme-learn lets you define the following parameters in your config.toml (here, values are default).\nNote that some of these parameters are explained in details in other sections of this documentation.\n[params] # Prefix URL to edit current page. Will display an \u0026quot;Edit this page\u0026quot; button on top right hand corner of every page. # Useful to give opportunity to people to create merge request for your doc. # See the config.toml file from this documentation site to have an example. editURL = \u0026quot;\u0026quot; # Author of the site, will be used in meta information author = \u0026quot;\u0026quot; # Description of the site, will be used in meta information description = \u0026quot;\u0026quot; # Shows a checkmark for visited pages on the menu showVisitedLinks = false # Disable search function. It will hide search bar disableSearch = false # Javascript and CSS cache are automatically busted when new version of site is generated. # Set this to true to disable this behavior (some proxies don't handle well this optimization) disableAssetsBusting = false # Set this to true to disable copy-to-clipboard button for inline code. disableInlineCopyToClipBoard = false # A title for shortcuts in menu is set by default. Set this to true to disable it. disableShortcutsTitle = false # When using mulitlingual website, disable the switch language button. disableLanguageSwitchingButton = false # Hide breadcrumbs in the header and only show the current page title disableBreadcrumb = true # Hide Next and Previous page buttons normally displayed full height beside content disableNextPrev = true # Order sections in menu by \u0026quot;weight\u0026quot; or \u0026quot;title\u0026quot;. Default to \u0026quot;weight\u0026quot; ordersectionsby = \u0026quot;weight\u0026quot; # Change default color scheme with a variant one. Can be \u0026quot;red\u0026quot;, \u0026quot;blue\u0026quot;, \u0026quot;green\u0026quot;. themeVariant = \u0026quot;\u0026quot;  Activate search If not already present, add the follow lines in the same config.toml file.\n[outputs] home = [ \u0026quot;HTML\u0026quot;, \u0026quot;RSS\u0026quot;, \u0026quot;JSON\u0026quot;]  Learn theme uses the last improvement available in hugo version 20+ to generate a json index file ready to be consumed by lunr.js javascript search engine.\n Hugo generate lunrjs index.json at the root of public folder. When you build the site with hugo server, hugo generates it internally and of course it doesn’t show up in the filesystem\n "
},
{
	"uri": "/cont/menushortcuts/",
	"title": "Menu extra shortcuts",
	"tags": [],
	"description": "",
	"content": " You can define additional menu entries or shortcuts in the navigation menu without any link to content.\nBasic configuration Edit the website configuration config.toml and add a [[menu.shortcuts]] entry for each link your want to add.\nExample from the current website:\n[[menu.shortcuts]] name = \u0026quot;\u0026lt;i class='fab fa-github'\u0026gt;\u0026lt;/i\u0026gt; Github repo\u0026quot; identifier = \u0026quot;ds\u0026quot; url = \u0026quot;https://github.com/matcornic/hugo-theme-learn\u0026quot; weight = 10 [[menu.shortcuts]] name = \u0026quot;\u0026lt;i class='fas fa-camera'\u0026gt;\u0026lt;/i\u0026gt; Showcases\u0026quot; url = \u0026quot;/showcase\u0026quot; weight = 11 [[menu.shortcuts]] name = \u0026quot;\u0026lt;i class='fas fa-bookmark'\u0026gt;\u0026lt;/i\u0026gt; Hugo Documentation\u0026quot; identifier = \u0026quot;hugodoc\u0026quot; url = \u0026quot;https://gohugo.io/\u0026quot; weight = 20 [[menu.shortcuts]] name = \u0026quot;\u0026lt;i class='fas fa-bullhorn'\u0026gt;\u0026lt;/i\u0026gt; Credits\u0026quot; url = \u0026quot;/credits\u0026quot; weight = 30  By default, shortcuts are preceded by a title. This title can be disabled by setting disableShortcutsTitle=true. However, if you want to keep the title but change its value, it can be overriden by changing your local i18n translation string configuration.\nFor example, in your local i18n/en.toml file, add the following content\n[Shortcuts-Title] other = \u0026quot;\u0026lt;Your value\u0026gt;\u0026quot;  Read more about hugo menu and hugo i18n translation strings\nConfiguration for Multilingual mode When using a multilingual website, you can set different menus for each language. In the config.toml file, prefix your menu configuration by Languages.\u0026lt;language-id\u0026gt;.\nExample from the current website:\n[Languages] [Languages.en] title = \u0026quot;Documentation for Hugo Learn Theme\u0026quot; weight = 1 languageName = \u0026quot;English\u0026quot; [[Languages.en.menu.shortcuts]] name = \u0026quot;\u0026lt;i class='fab fa-github'\u0026gt;\u0026lt;/i\u0026gt; Github repo\u0026quot; identifier = \u0026quot;ds\u0026quot; url = \u0026quot;https://github.com/matcornic/hugo-theme-learn\u0026quot; weight = 10 [[Languages.en.menu.shortcuts]] name = \u0026quot;\u0026lt;i class='fas fa-camera'\u0026gt;\u0026lt;/i\u0026gt; Showcases\u0026quot; url = \u0026quot;/showcase\u0026quot; weight = 11 [[Languages.en.menu.shortcuts]] name = \u0026quot;\u0026lt;i class='fas fa-bookmark'\u0026gt;\u0026lt;/i\u0026gt; Hugo Documentation\u0026quot; identifier = \u0026quot;hugodoc\u0026quot; url = \u0026quot;https://gohugo.io/\u0026quot; weight = 20 [[Languages.en.menu.shortcuts]] name = \u0026quot;\u0026lt;i class='fas fa-bullhorn'\u0026gt;\u0026lt;/i\u0026gt; Credits\u0026quot; url = \u0026quot;/credits\u0026quot; weight = 30 [Languages.fr] title = \u0026quot;Documentation du thème Hugo Learn\u0026quot; weight = 2 languageName = \u0026quot;Français\u0026quot; [[Languages.fr.menu.shortcuts]] name = \u0026quot;\u0026lt;i class='fab fa-github'\u0026gt;\u0026lt;/i\u0026gt; Repo Github\u0026quot; identifier = \u0026quot;ds\u0026quot; url = \u0026quot;https://github.com/matcornic/hugo-theme-learn\u0026quot; weight = 10 [[Languages.fr.menu.shortcuts]] name = \u0026quot;\u0026lt;i class='fas fa-camera'\u0026gt;\u0026lt;/i\u0026gt; Vitrine\u0026quot; url = \u0026quot;/showcase\u0026quot; weight = 11 [[Languages.fr.menu.shortcuts]] name = \u0026quot;\u0026lt;i class='fas fa-bookmark'\u0026gt;\u0026lt;/i\u0026gt; Documentation Hugo\u0026quot; identifier = \u0026quot;hugodoc\u0026quot; url = \u0026quot;https://gohugo.io/\u0026quot; weight = 20 [[Languages.fr.menu.shortcuts]] name = \u0026quot;\u0026lt;i class='fas fa-bullhorn'\u0026gt;\u0026lt;/i\u0026gt; Crédits\u0026quot; url = \u0026quot;/credits\u0026quot; weight = 30  Read more about hugo menu and hugo multilingual menus\n"
},
{
	"uri": "/basics/style-customization/",
	"title": "Style customization",
	"tags": [],
	"description": "",
	"content": " Hugo-theme-learn has been built to be as configurable as possible by defining multiple partials\nIn themes/hugo-theme-learn/layouts/partials/, you will find all the partials defined for this theme. If you need to overwrite something, don\u0026rsquo;t change the code directly. Instead follow this page. You\u0026rsquo;d create a new partial in the layouts/partials folder of your local project. This partial will have the priority.\nThis theme defines the following partials :\n header: the header of the content page (contains the breadcrumbs). Not meant to be overwritten custom-header: custom headers in page. Meant to be overwritten when adding CSS imports. Don\u0026rsquo;t forget to include style HTML tag directive in your file footer: the footer of the content page (contains the arrows). Not meant to be overwritten custom-footer: custom footer in page. Meant to be overwritten when adding Javacript. Don\u0026rsquo;t forget to include javascript HTML tag directive in your file favicon: the favicon logo: the logo, on top left hand corner. meta: HTML meta tags, if you want to change default behavior menu: left menu. Not meant to be overwritten menu-footer: footer of the the left menu search: search box toc: table of contents  Change the logo Create a new file in layouts/partials/ named logo.html. Then write any HTML you want. You could use an img HTML tag and reference an image created under the static folder, or you could paste a SVG definition !\nChange the favicon If your favicon is a png, just drop off your image in your local static/images/ folder and name it favicon.png\nIf you need to change this default behavior, create a new file in layouts/partials/ named favicon.html. Then write something like this:\n\u0026lt;link rel=\u0026quot;shortcut icon\u0026quot; href=\u0026quot;/images/favicon.png\u0026quot; type=\u0026quot;image/x-icon\u0026quot; /\u0026gt;  Change default colors Hugo Learn theme let you choose between 3 native color scheme variants, but feel free to add one yourself ! Default color scheme is based on Grav Learn Theme.\nRed variant [params] # Change default color scheme with a variant one. Can be \u0026quot;red\u0026quot;, \u0026quot;blue\u0026quot;, \u0026quot;green\u0026quot;. themeVariant = \u0026quot;red\u0026quot;  Blue variant [params] # Change default color scheme with a variant one. Can be \u0026quot;red\u0026quot;, \u0026quot;blue\u0026quot;, \u0026quot;green\u0026quot;. themeVariant = \u0026quot;blue\u0026quot;  Green variant [params] # Change default color scheme with a variant one. Can be \u0026quot;red\u0026quot;, \u0026quot;blue\u0026quot;, \u0026quot;green\u0026quot;. themeVariant = \u0026quot;green\u0026quot;  \u0026lsquo;Yours‘ variant First, create a new CSS file in your local static/css folder prefixed by theme (e.g. with mine theme static/css/theme-mine.css). Copy the following content and modify colors in CSS variables.\n:root{ --MAIN-TEXT-color:#323232; /* Color of text by default */ --MAIN-TITLES-TEXT-color: #5e5e5e; /* Color of titles h2-h3-h4-h5 */ --MAIN-LINK-color:#1C90F3; /* Color of links */ --MAIN-LINK-HOVER-color:#167ad0; /* Color of hovered links */ --MAIN-ANCHOR-color: #1C90F3; /* color of anchors on titles */ --MENU-HEADER-BG-color:#1C90F3; /* Background color of menu header */ --MENU-HEADER-BORDER-color:#33a1ff; /*Color of menu header border */ --MENU-SEARCH-BG-color:#167ad0; /* Search field background color (by default borders + icons) */ --MENU-SEARCH-BOX-color: #33a1ff; /* Override search field border color */ --MENU-SEARCH-BOX-ICONS-color: #a1d2fd; /* Override search field icons color */ --MENU-SECTIONS-ACTIVE-BG-color:#20272b; /* Background color of the active section and its childs */ --MENU-SECTIONS-BG-color:#252c31; /* Background color of other sections */ --MENU-SECTIONS-LINK-color: #ccc; /* Color of links in menu */ --MENU-SECTIONS-LINK-HOVER-color: #e6e6e6; /* Color of links in menu, when hovered */ --MENU-SECTION-ACTIVE-CATEGORY-color: #777; /* Color of active category text */ --MENU-SECTION-ACTIVE-CATEGORY-BG-color: #fff; /* Color of background for the active category (only) */ --MENU-VISITED-color: #33a1ff; /* Color of 'page visited' icons in menu */ --MENU-SECTION-HR-color: #20272b; /* Color of \u0026lt;hr\u0026gt; separator in menu */ } body { color: var(--MAIN-TEXT-color) !important; } textarea:focus, input[type=\u0026quot;email\u0026quot;]:focus, input[type=\u0026quot;number\u0026quot;]:focus, input[type=\u0026quot;password\u0026quot;]:focus, input[type=\u0026quot;search\u0026quot;]:focus, input[type=\u0026quot;tel\u0026quot;]:focus, input[type=\u0026quot;text\u0026quot;]:focus, input[type=\u0026quot;url\u0026quot;]:focus, input[type=\u0026quot;color\u0026quot;]:focus, input[type=\u0026quot;date\u0026quot;]:focus, input[type=\u0026quot;datetime\u0026quot;]:focus, input[type=\u0026quot;datetime-local\u0026quot;]:focus, input[type=\u0026quot;month\u0026quot;]:focus, input[type=\u0026quot;time\u0026quot;]:focus, input[type=\u0026quot;week\u0026quot;]:focus, select[multiple=multiple]:focus { border-color: none; box-shadow: none; } h2, h3, h4, h5 { color: var(--MAIN-TITLES-TEXT-color) !important; } a { color: var(--MAIN-LINK-color); } .anchor { color: var(--MAIN-ANCHOR-color); } a:hover { color: var(--MAIN-LINK-HOVER-color); } #sidebar ul li.visited \u0026gt; a .read-icon { color: var(--MENU-VISITED-color); } #body a.highlight:after { display: block; content: \u0026quot;\u0026quot;; height: 1px; width: 0%; -webkit-transition: width 0.5s ease; -moz-transition: width 0.5s ease; -ms-transition: width 0.5s ease; transition: width 0.5s ease; background-color: var(--MAIN-LINK-HOVER-color); } #sidebar { background-color: var(--MENU-SECTIONS-BG-color); } #sidebar #header-wrapper { background: var(--MENU-HEADER-BG-color); color: var(--MENU-SEARCH-BOX-color); border-color: var(--MENU-HEADER-BORDER-color); } #sidebar .searchbox { border-color: var(--MENU-SEARCH-BOX-color); background: var(--MENU-SEARCH-BG-color); } #sidebar ul.topics \u0026gt; li.parent, #sidebar ul.topics \u0026gt; li.active { background: var(--MENU-SECTIONS-ACTIVE-BG-color); } #sidebar .searchbox * { color: var(--MENU-SEARCH-BOX-ICONS-color); } #sidebar a { color: var(--MENU-SECTIONS-LINK-color); } #sidebar a:hover { color: var(--MENU-SECTIONS-LINK-HOVER-color); } #sidebar ul li.active \u0026gt; a { background: var(--MENU-SECTION-ACTIVE-CATEGORY-BG-color); color: var(--MENU-SECTION-ACTIVE-CATEGORY-color) !important; } #sidebar hr { border-color: var(--MENU-SECTION-HR-color); }  Then, set the themeVariant value with the name of your custom theme file. That\u0026rsquo;s it !\n[params] # Change default color scheme with a variant one. Can be \u0026quot;red\u0026quot;, \u0026quot;blue\u0026quot;, \u0026quot;green\u0026quot;. themeVariant = \u0026quot;mine\u0026quot;  "
},
{
	"uri": "/cont/icons/",
	"title": "Icons and logos",
	"tags": [],
	"description": "",
	"content": " The Learn theme for Hugo loads the Font Awesome library, allowing you to easily display any icon or logo available in the Font Awesome free collection.\nFinding an icon Browse through the available icons in the Font Awesome Gallery. Notice that the free filter is enabled, as only the free icons are available by default.\nOnce on the Font Awesome page for a specific icon, for example the page for the heart, copy the HTML reference and paste into the markdown content.\nThe HTML to include the heart icon is:\n\u0026lt;i class=\u0026quot;fas fa-heart\u0026quot;\u0026gt;\u0026lt;/i\u0026gt;  Including in markdown Paste the \u0026lt;i\u0026gt; HTML into markup and Font Awesome will load the relevant icon.\nBuilt with \u0026lt;i class=\u0026quot;fas fa-heart\u0026quot;\u0026gt;\u0026lt;/i\u0026gt; from Grav and Hugo  Which appears as\nBuilt with  from Grav and Hugo\nCustomising icons Font Awesome provides many ways to modify the icon\n Change colour (by default the icon will inherit the parent colour) Increase or decrease size Rotate Combine with other icons  Check the full documentation on web fonts with CSS for more.\n"
},
{
	"uri": "/cont/i18n/",
	"title": "Multilingual and i18n",
	"tags": [],
	"description": "",
	"content": " Learn theme is fully compatible with Hugo multilingual mode.\nIt provides:\n Translation strings for default values (English and French). Feel free to contribute ! Automatic menu generation from multilingual content In-browser language switching  Basic configuration After learning how Hugo handle multilingual websites, define your languages in your config.toml file.\nFor example with current French and English website.\n# English is the default language defaultContentLanguage = \u0026quot;en\u0026quot; # Force to have /en/my-page and /fr/my-page routes, even for default language. defaultContentLanguageInSubdir= true [Languages] [Languages.en] title = \u0026quot;Documentation for Hugo Learn Theme\u0026quot; weight = 1 languageName = \u0026quot;English\u0026quot; [Languages.fr] title = \u0026quot;Documentation du thème Hugo Learn\u0026quot; weight = 2 languageName = \u0026quot;Français\u0026quot;  Then, for each new page, append the id of the language to the file.\n Single file my-page.md is split in two files:  in English: my-page.en.md in French: my-page.fr.md  Single file _index.md is split in two files:  in English: _index.en.md in French: _index.fr.md   Be aware that only translated pages are displayed in menu. It\u0026rsquo;s not replaced with default language content.\n Use slug Front Matter parameter to translate urls too.\n Overwrite translation strings Translations strings are used for common default values used in the theme (Edit this page button, Search placeholder and so on). Translations are available in french and english but you may use another language or want to override default values.\nTo override these values, create a new file in your local i18n folder i18n/\u0026lt;idlanguage\u0026gt;.toml and inspire yourself from the theme themes/hugo-theme-learn/i18n/en.toml\nBy the way, as these translations could be used by other people, please take the time to propose a translation by making a PR to the theme !\nDisable language switching Switching the language in the browser is a great feature, but for some reasons you may want to disable it.\nJust set disableLanguageSwitchingButton=true in your config.toml\n[params] # When using mulitlingual website, disable the switch language button. disableLanguageSwitchingButton = true  "
},
{
	"uri": "/post/2015-07-23-r-rmarkdown/",
	"title": "Hello R Markdown",
	"tags": ["R Markdown", "plot", "regression"],
	"description": "",
	"content": "\rR Markdown\rThis is an R Markdown document. Markdown is a simple formatting syntax for authoring HTML, PDF, and MS Word documents. For more details on using R Markdown see http://rmarkdown.rstudio.com.\nYou can embed an R code chunk like this:\nsummary(cars)\r## speed dist ## Min. : 4.0 Min. : 2.00 ## 1st Qu.:12.0 1st Qu.: 26.00 ## Median :15.0 Median : 36.00 ## Mean :15.4 Mean : 42.98 ## 3rd Qu.:19.0 3rd Qu.: 56.00 ## Max. :25.0 Max. :120.00\rfit \u0026lt;- lm(dist ~ speed, data = cars)\rfit\r## ## Call:\r## lm(formula = dist ~ speed, data = cars)\r## ## Coefficients:\r## (Intercept) speed ## -17.579 3.932\r\rIncluding Plots\rYou can also embed plots. See Figure 1 for example:\npar(mar = c(0, 1, 0, 1))\rpie(\rc(280, 60, 20),\rc(\u0026#39;Sky\u0026#39;, \u0026#39;Sunny side of pyramid\u0026#39;, \u0026#39;Shady side of pyramid\u0026#39;),\rcol = c(\u0026#39;#0292D8\u0026#39;, \u0026#39;#F7EA39\u0026#39;, \u0026#39;#C4B632\u0026#39;),\rinit.angle = -50, border = NA\r)\r\rFigure 1: A fancy pie chart.\r\r\r"
},
{
	"uri": "/shortcodes/attachments/",
	"title": "Attachments",
	"tags": [],
	"description": "The Attachments shortcode displays a list of files attached to a page.",
	"content": " The Attachments shortcode displays a list of files attached to a page.\n  Attachments   BachGavotteShort.mp3  (357 ko)   Carroll_AliceAuPaysDesMerveilles.pdf  (175 ko)   adivorciarsetoca00cape.pdf  (361 ko)   hugo.png  (17 ko)   movieselectricsheep-flock-244-32500-2.mp4  (340 ko)    Usage The shortcurt lists files found in a specific folder. Currently, it support two implementations for pages\n If your page is a markdown file, attachements must be place in a folder named like your page and ending with .files.\n  content  _index.md page.files  attachment.pdf  page.md    If your page is a folder, attachements must be place in a nested \u0026lsquo;files\u0026rsquo; folder.\n  content  _index.md page  index.md files  attachment.pdf       Be aware that if you use a multilingual website, you will need to have as many folders as languages.\nThat\u0026rsquo;s all !\nParameters    Parameter Default Description     title \u0026ldquo;Attachments\u0026rdquo; List\u0026rsquo;s title   style \u0026rdquo;\u0026rdquo; Choose between \u0026ldquo;orange\u0026rdquo;, \u0026ldquo;grey\u0026rdquo;, \u0026ldquo;blue\u0026rdquo; and \u0026ldquo;green\u0026rdquo; for nice style   pattern \u0026rdquo;.*\u0026rdquo; A regular expressions, used to filter the attachments by file name. The pattern parameter value must be regular expressions.    For example:\n To match a file suffix of \u0026lsquo;jpg\u0026rsquo;, use .*jpg (not *.jpg). To match file names ending in \u0026lsquo;jpg\u0026rsquo; or \u0026lsquo;png\u0026rsquo;, use .*(jpg|png)  Examples List of attachments ending in pdf or mp4 {{%attachments title=\u0026quot;Related files\u0026quot; pattern=\u0026quot;.*(pdf|mp4)\u0026quot;/%}}  renders as\n  Related files   Carroll_AliceAuPaysDesMerveilles.pdf  (175 ko)   adivorciarsetoca00cape.pdf  (361 ko)   movieselectricsheep-flock-244-32500-2.mp4  (340 ko)    Colored styled box {{%attachments style=\u0026quot;orange\u0026quot; /%}}  renders as\n  Attachments   BachGavotteShort.mp3  (357 ko)   Carroll_AliceAuPaysDesMerveilles.pdf  (175 ko)   adivorciarsetoca00cape.pdf  (361 ko)   hugo.png  (17 ko)   movieselectricsheep-flock-244-32500-2.mp4  (340 ko)    {{%attachments style=\u0026quot;grey\u0026quot; /%}}  renders as\n  Attachments   BachGavotteShort.mp3  (357 ko)   Carroll_AliceAuPaysDesMerveilles.pdf  (175 ko)   adivorciarsetoca00cape.pdf  (361 ko)   hugo.png  (17 ko)   movieselectricsheep-flock-244-32500-2.mp4  (340 ko)    {{%attachments style=\u0026quot;blue\u0026quot; /%}}  renders as\n  Attachments   BachGavotteShort.mp3  (357 ko)   Carroll_AliceAuPaysDesMerveilles.pdf  (175 ko)   adivorciarsetoca00cape.pdf  (361 ko)   hugo.png  (17 ko)   movieselectricsheep-flock-244-32500-2.mp4  (340 ko)    {{%attachments style=\u0026quot;green\u0026quot; /%}}  renders as\n  Attachments   BachGavotteShort.mp3  (357 ko)   Carroll_AliceAuPaysDesMerveilles.pdf  (175 ko)   adivorciarsetoca00cape.pdf  (361 ko)   hugo.png  (17 ko)   movieselectricsheep-flock-244-32500-2.mp4  (340 ko)    "
},
{
	"uri": "/shortcodes/button/",
	"title": "Button",
	"tags": [],
	"description": "Nice buttons on your page.",
	"content": "A button is a just a clickable button with optional icon.\n{{% button href=\u0026quot;https://getgrav.org/\u0026quot; %}}Get Grav{{% /button %}} {{% button href=\u0026quot;https://getgrav.org/\u0026quot; icon=\u0026quot;fas fa-download\u0026quot; %}}Get Grav with icon{{% /button %}} {{% button href=\u0026quot;https://getgrav.org/\u0026quot; icon=\u0026quot;fas fa-download\u0026quot; icon-position=\u0026quot;right\u0026quot; %}}Get Grav with icon right{{% /button %}}  Get Grav   Get Grav with icon  Get Grav with icon right   "
},
{
	"uri": "/categories/",
	"title": "Categories",
	"tags": [],
	"description": "",
	"content": ""
},
{
	"uri": "/shortcodes/children/",
	"title": "Children",
	"tags": [],
	"description": "List the child pages of a page",
	"content": " Use the children shortcode to list the child pages of a page and the further descendants (children\u0026rsquo;s children). By default, the shortcode displays links to the child pages.\nUsage    Parameter Default Description     page current Specify the page name (section name) to display children for   style \u0026ldquo;li\u0026rdquo; Choose the style used to display descendants. It could be any HTML tag name   showhidden \u0026ldquo;false\u0026rdquo; When true, child pages hidden from the menu will be displayed   description \u0026ldquo;false\u0026rdquo; Allows you to include a short text under each page in the list.when no description exists for the page, children shortcode takes the first 70 words of your content. read more info about summaries on gohugo.io   depth 1 Enter a number to specify the depth of descendants to display. For example, if the value is 2, the shortcode will display 2 levels of child pages.  Tips: set 999 to get all descendants   sort none Sort Children By\nWeight - to sort on menu orderName - to sort alphabetically on menu labelIdentifier - to sort alphabetically on identifier set in frontmatterURL - URL    Demo {{% children %}}   page 1   page 2   page 3   page test   {{% children description=\u0026quot;true\u0026quot; %}}   page 1  This is a demo child page\n page 2  Lorem ipsum dolor sit amet, consectetur adipisicing elit, sed do eiusmod tempor incididunt ut labore et dolore magna aliqua. Ut enim ad minim veniam, quis nostrud exercitation ullamco laboris nisi ut aliquip ex ea commodo consequat. Duis aute irure dolor in reprehenderit in voluptate velit esse cillum dolore eu fugiat nulla pariatur. Excepteur sint occaecat cupidatat non proident, sunt in culpa qui officia deserunt mollit anim id est laborum.\n page 3  This is a demo child page\n page test  This is a page test\n {{% children depth=\u0026quot;3\u0026quot; showhidden=\u0026quot;true\u0026quot; %}}   page 1     page 2 \n   page 3 \n   page 4 \n   page test \n  \n{{% children style=\u0026quot;h2\u0026quot; depth=\u0026quot;3\u0026quot; description=\u0026quot;true\u0026quot; %}}   page 1  This is a demo child page\n page 2  Lorem ipsum dolor sit amet, consectetur adipisicing elit, sed do eiusmod tempor incididunt ut labore et dolore magna aliqua. Ut enim ad minim veniam, quis nostrud exercitation ullamco laboris nisi ut aliquip ex ea commodo consequat. Duis aute irure dolor in reprehenderit in voluptate velit esse cillum dolore eu fugiat nulla pariatur. Excepteur sint occaecat cupidatat non proident, sunt in culpa qui officia deserunt mollit anim id est laborum.\n page 3  This is a demo child page\n page test  This is a page test\n {{% children style=\u0026quot;div\u0026quot; depth=\u0026quot;999\u0026quot; %}}   page 1   page 2   page 3   page test   "
},
{
	"uri": "/credits/",
	"title": "Credits",
	"tags": [],
	"description": "",
	"content": " Contributors Thanks to them  for making Open Source Software a better place !\n.ghContributors{ display:flex; flex-flow: wrap; align-content: flex-start } .ghContributors  div{ width: 50% ; display: inline-flex; margin-bottom: 5px; } .ghContributors  div label{ padding-left: 4px ; } .ghContributors  div span{ font-size: x-small; padding-left: 4px ; }   @matcornic 149 commits   @matalo33 27 commits   @lierdakil 16 commits   @gwleclerc 13 commits   @mdavids 10 commits   @coliff 6 commits   @Xipas 5 commits   @mreithub 3 commits   @willwade 3 commits   @denisvm 2 commits   @gpospelov 2 commits   @tanzaho 2 commits   @wikijm 2 commits   @lfalin 2 commits   @alexvargasbenamburg 1 commits   @afs2015 1 commits   @arifpedia 1 commits   @MrMoio 1 commits   @ChrisLasar 1 commits   @giuliov 1 commits   @haitch 1 commits   @RealOrangeOne 1 commits   @JohnBlood 1 commits   @kamilchm 1 commits   @lloydbenson 1 commits   @sykesm 1 commits   @654wak654 1 commits   @ripienaar 1 commits   @EnigmaCurry 1 commits   @shelane 1 commits   @tedyoung 1 commits   @Thiht 1 commits   @fossabot 1 commits   @kamar535 1 commits   @nonumeros 1 commits   @pgorod 1 commits   @proelbtn 1 commits   And a special thanks to @vjeantet for his work on docdock, a fork of hugo-theme-learn. v2.0.0 of this theme is inspired by his work.\nPackages and libraries  mermaid - generation of diagram and flowchart from text in a similar manner as markdown font awesome - the iconic font and CSS framework jQuery - The Write Less, Do More, JavaScript Library lunr - Lunr enables you to provide a great search experience without the need for external, server-side, search services\u0026hellip; horsey - Progressive and customizable autocomplete component clipboard.js - copy text to clipboard highlight.js - Javascript syntax highlighter modernizr - A JavaScript toolkit that allows web developers to use new CSS3 and HTML5 features while maintaining a fine level of control over browsers that don\u0026rsquo;t support  Tooling  Netlify - Continuous deployement and hosting of this documentation Hugo  "
},
{
	"uri": "/shortcodes/expand/",
	"title": "Expand",
	"tags": [],
	"description": "Displays an expandable/collapsible section of text on your page",
	"content": " The Expand shortcode displays an expandable/collapsible section of text on your page. Here is an example\n  Expand me...   Lorem ipsum dolor sit amet, consectetur adipisicing elit, sed do eiusmod tempor incididunt ut labore et dolore magna aliqua. Ut enim ad minim veniam, quis nostrud exercitation ullamco laboris nisi ut aliquip ex ea commodo consequat. Duis aute irure dolor in reprehenderit in voluptate velit esse cillum dolore eu fugiat nulla pariatur. Excepteur sint occaecat cupidatat non proident, sunt in culpa qui officia deserunt mollit anim id est laborum.\n  Usage this shortcode takes exactly one optional parameter to define the text that appears next to the expand/collapse icon. (default is \u0026ldquo;Expand me\u0026hellip;\u0026rdquo;)\n{{%expand \u0026quot;Is this learn theme rocks ?\u0026quot; %}}Yes !.{{% /expand%}}    Is this learn theme rocks ?   Yes !   Demo {{%expand%}} Lorem ipsum dolor sit amet, consectetur adipisicing elit, sed do eiusmod tempor incididunt ut labore et dolore magna aliqua. Ut enim ad minim veniam, quis nostrud exercitation ullamco laboris nisi ut aliquip ex ea commodo consequat. Duis aute irure dolor in reprehenderit in voluptate velit esse cillum dolore eu fugiat nulla pariatur. Excepteur sint occaecat cupidatat non proident, sunt in culpa qui officia deserunt mollit anim id est laborum. {{% /expand%}}    Expand me...   Lorem ipsum dolor sit amet, consectetur adipisicing elit, sed do eiusmod tempor incididunt ut labore et dolore magna aliqua. Ut enim ad minim veniam, quis nostrud exercitation ullamco laboris nisi ut aliquip ex ea commodo consequat. Duis aute irure dolor in reprehenderit in voluptate velit esse cillum dolore eu fugiat nulla pariatur. Excepteur sint occaecat cupidatat non proident, sunt in culpa qui officia deserunt mollit anim id est laborum.\n  "
},
{
	"uri": "/",
	"title": "Learn Theme for Hugo",
	"tags": [],
	"description": "",
	"content": " Hugo learn theme Hugo-theme-learn is a theme for Hugo, a fast and modern static website engine written in Go. Where Hugo is often used for blogs, this multilingual-ready theme is fully designed for documentation.\nThis theme is a partial porting of the Learn theme of Grav, a modern flat-file CMS written in PHP.\nLearn theme works with a page tree structure to organize content : All contents are pages, which belong to other pages. read more about this\n Main features  Automatic Search Multilingual mode Unlimited menu levels Automatic next/prev buttons to navigate through menu entries Image resizing, shadow\u0026hellip; Attachments files List child pages Mermaid diagram (flowchart, sequence, gantt) Customizable look and feel and themes variants Buttons, Tip/Note/Info/Warning boxes, Expand  Contribute to this documentation Feel free to update this content, just click the Edit this page link displayed on top right of each page, and pullrequest it\nYour modification will be deployed automatically when merged.\n Documentation website This current documentation has been statically generated with Hugo with a simple command : hugo -t hugo-theme-learn \u0026ndash; source code is available here at GitHub\nAutomatically published and hosted thanks to Netlify. Read more about Automated HUGO deployments with Netlify\n "
},
{
	"uri": "/shortcodes/mermaid/",
	"title": "Mermaid",
	"tags": [],
	"description": "Generation of diagram and flowchart from text in a similar manner as markdown",
	"content": " Mermaid is a library helping you to generate diagram and flowcharts from text, in a similar manner as Markdown.\nJust insert your mermaid code in the mermaid shortcode and that\u0026rsquo;s it.\nFlowchart example {{\u0026lt;mermaid align=\u0026quot;left\u0026quot;\u0026gt;}} graph LR; A[Hard edge] --\u0026gt;|Link text| B(Round edge) B --\u0026gt; C{Decision} C --\u0026gt;|One| D[Result one] C --\u0026gt;|Two| E[Result two] {{\u0026lt; /mermaid \u0026gt;}}  renders as\ngraph LR; A[Hard edge] --|Link text| B(Round edge) B -- C{Decision} C --|One| D[Result one] C --|Two| E[Result two]  Sequence example {{\u0026lt;mermaid\u0026gt;}} sequenceDiagram participant Alice participant Bob Alice-\u0026gt;\u0026gt;John: Hello John, how are you? loop Healthcheck John-\u0026gt;John: Fight against hypochondria end Note right of John: Rational thoughts \u0026lt;br/\u0026gt;prevail... John--\u0026gt;Alice: Great! John-\u0026gt;Bob: How about you? Bob--\u0026gt;John: Jolly good! {{\u0026lt; /mermaid \u0026gt;}}  renders as\nsequenceDiagram participant Alice participant Bob Alice-John: Hello John, how are you? loop Healthcheck John-John: Fight against hypochondria end Note right of John: Rational thoughts prevail... John--Alice: Great! John-Bob: How about you? Bob--John: Jolly good!  GANTT Example {{\u0026lt;mermaid\u0026gt;}} gantt dateFormat YYYY-MM-DD title Adding GANTT diagram functionality to mermaid section A section Completed task :done, des1, 2014-01-06,2014-01-08 Active task :active, des2, 2014-01-09, 3d Future task : des3, after des2, 5d Future task2 : des4, after des3, 5d section Critical tasks Completed task in the critical line :crit, done, 2014-01-06,24h Implement parser and jison :crit, done, after des1, 2d Create tests for parser :crit, active, 3d Future task in critical line :crit, 5d Create tests for renderer :2d Add to mermaid :1d {{\u0026lt; /mermaid \u0026gt;}}  render as\ngantt dateFormat YYYY-MM-DD title Adding GANTT diagram functionality to mermaid section A section Completed task :done, des1, 2014-01-06,2014-01-08 Active task :active, des2, 2014-01-09, 3d Future task : des3, after des2, 5d Future task2 : des4, after des3, 5d section Critical tasks Completed task in the critical line :crit, done, 2014-01-06,24h Implement parser and jison :crit, done, after des1, 2d Create tests for parser :crit, active, 3d Future task in critical line :crit, 5d Create tests for renderer :2d Add to mermaid :1d  "
},
{
	"uri": "/shortcodes/notice/",
	"title": "Notice",
	"tags": [],
	"description": "Disclaimers to help you structure your page",
	"content": " The notice shortcode shows 4 types of disclaimers to help you structure your page.\nNote {{% notice note %}} A notice disclaimer {{% /notice %}}  renders as\nA notice disclaimer\n Info {{% notice info %}} An information disclaimer {{% /notice %}}  renders as\nAn information disclaimer\n Tip {{% notice tip %}} A tip disclaimer {{% /notice %}}  renders as\nA tip disclaimer\n Warning {{% notice warning %}} An warning disclaimer {{% /notice %}}  renders as\nA warning disclaimer\n "
},
{
	"uri": "/tags/plot/",
	"title": "Plot",
	"tags": [],
	"description": "",
	"content": ""
},
{
	"uri": "/post/",
	"title": "Posts",
	"tags": [],
	"description": "",
	"content": ""
},
{
	"uri": "/categories/r/",
	"title": "R",
	"tags": [],
	"description": "",
	"content": ""
},
{
	"uri": "/tags/r-markdown/",
	"title": "R Markdown",
	"tags": [],
	"description": "",
	"content": ""
},
{
	"uri": "/tags/regression/",
	"title": "Regression",
	"tags": [],
	"description": "",
	"content": ""
},
{
	"uri": "/showcase/",
	"title": "Showcase",
	"tags": [],
	"description": "",
	"content": " TAT by OVH "
},
{
	"uri": "/shortcodes/siteparam/",
	"title": "Site param",
	"tags": [],
	"description": "Get value of site params variables in your page.",
	"content": "siteparam shortcode is used to help you print values of site params.\nFor instance, in this current site, the editURL variable is used in config.toml\n[params] editURL = \u0026quot;https://github.com/matcornic/hugo-theme-learn/edit/master/exampleSite/content/\u0026quot;  Use the siteparam shortcode to display its value.\n`editURL` Value : {{% siteparam \u0026quot;editURL\u0026quot; %}}  is displayed as\neditURL Value : "
},
{
	"uri": "/tags/",
	"title": "Tags",
	"tags": [],
	"description": "",
	"content": ""
},
{
	"uri": "/shortcodes/children/children-1/",
	"title": "page 1",
	"tags": [],
	"description": "This is a demo child page",
	"content": "This is a demo child page\n"
},
{
	"uri": "/shortcodes/children/children-1/children-1-1/_index.fr/",
	"title": "page 1-1",
	"tags": [],
	"description": "Ceci est une page test",
	"content": "Ceci est une page de demo\n"
},
{
	"uri": "/shortcodes/children/children-1/children-1-1/",
	"title": "page 1-1",
	"tags": [],
	"description": "This is a demo child page",
	"content": "This is a demo child page\n"
},
{
	"uri": "/shortcodes/children/children-1/children-1-1/children-1-1-1/_index.fr/",
	"title": "page 1-1-1",
	"tags": [],
	"description": "Ceci est une page test",
	"content": "Ceci est une page de demo\n"
},
{
	"uri": "/shortcodes/children/children-1/children-1-1/children-1-1-1/",
	"title": "page 1-1-1",
	"tags": [],
	"description": "This is a demo child page",
	"content": "This is a demo child page\n"
},
{
	"uri": "/shortcodes/children/children-1/children-1-1/children-1-1-1/children-1-1-1-1/_index.fr/",
	"title": "page 1-1-1-1",
	"tags": [],
	"description": "Ceci est une page test",
	"content": "Ceci est une page de demo\n"
},
{
	"uri": "/shortcodes/children/children-1/children-1-1/children-1-1-1/children-1-1-1-1/",
	"title": "page 1-1-1-1",
	"tags": [],
	"description": "This is a demo child page",
	"content": "This is a demo child page\n"
},
{
	"uri": "/shortcodes/children/children-1/children-1-1/children-1-1-1/children-1-1-1-1/children-1-1-1-1-1/_index.fr/",
	"title": "page 1-1-1-1-1",
	"tags": [],
	"description": "Ceci est une page test",
	"content": "Ceci est une page de demo\n"
},
{
	"uri": "/shortcodes/children/children-1/children-1-1/children-1-1-1/children-1-1-1-1/children-1-1-1-1-1/",
	"title": "page 1-1-1-1-1",
	"tags": [],
	"description": "This is a demo child page",
	"content": "This is a demo child page\n"
},
{
	"uri": "/shortcodes/children/children-2/",
	"title": "page 2",
	"tags": [],
	"description": "",
	"content": "Lorem ipsum dolor sit amet, consectetur adipisicing elit, sed do eiusmod tempor incididunt ut labore et dolore magna aliqua. Ut enim ad minim veniam, quis nostrud exercitation ullamco laboris nisi ut aliquip ex ea commodo consequat. Duis aute irure dolor in reprehenderit in voluptate velit esse cillum dolore eu fugiat nulla pariatur. Excepteur sint occaecat cupidatat non proident, sunt in culpa qui officia deserunt mollit anim id est laborum.\n"
},
{
	"uri": "/shortcodes/children/children-3/",
	"title": "page 3",
	"tags": [],
	"description": "This is a demo child page",
	"content": "This is a demo child page, not displayed in the menu\n"
},
{
	"uri": "/shortcodes/children/children-4/",
	"title": "page 4",
	"tags": [],
	"description": "This is a demo child page",
	"content": "This is a demo child page, not displayed in the menu\n"
},
{
	"uri": "/shortcodes/children/test/",
	"title": "page test",
	"tags": [],
	"description": "This is a page test",
	"content": "This is a test demo child page\n"
},
{
	"uri": "/shortcodes/children/children-2/test3/",
	"title": "page test 3",
	"tags": [],
	"description": "This is a page test",
	"content": "This is a test 3 demo child page\n"
}]