<?xml version="1.0" encoding="utf-8" standalone="yes" ?>
<rss version="2.0" xmlns:atom="http://www.w3.org/2005/Atom">
  <channel>
    <title>Configuration on My New Hugo Site</title>
    <link>/basics/configuration/</link>
    <description>Recent content in Configuration on My New Hugo Site</description>
    <generator>Hugo -- gohugo.io</generator>
    <language>en-us</language>
    <lastBuildDate>Sat, 09 Apr 2016 16:50:16 +0200</lastBuildDate>
    
	<atom:link href="/basics/configuration/index.xml" rel="self" type="application/rss+xml" />
    
    
  </channel>
</rss>