<?xml version="1.0" encoding="utf-8" standalone="yes" ?>
<rss version="2.0" xmlns:atom="http://www.w3.org/2005/Atom">
  <channel>
    <title>Shortcodes on My New Hugo Site</title>
    <link>/shortcodes/</link>
    <description>Recent content in Shortcodes on My New Hugo Site</description>
    <generator>Hugo -- gohugo.io</generator>
    <language>en-us</language>
    <lastBuildDate>Sat, 09 Apr 2016 16:50:16 +0200</lastBuildDate>
    
	<atom:link href="/shortcodes/index.xml" rel="self" type="application/rss+xml" />
    
    
    <item>
      <title>Attachments</title>
      <link>/shortcodes/attachments/</link>
      <pubDate>Mon, 01 Jan 0001 00:00:00 +0000</pubDate>
      
      <guid>/shortcodes/attachments/</guid>
      <description>The Attachments shortcode displays a list of files attached to a page.
  Attachments   BachGavotteShort.mp3  (357 ko)   Carroll_AliceAuPaysDesMerveilles.pdf  (175 ko)   adivorciarsetoca00cape.pdf  (361 ko)   hugo.png  (17 ko)   movieselectricsheep-flock-244-32500-2.mp4  (340 ko)    Usage The shortcurt lists files found in a specific folder. Currently, it support two implementations for pages
 If your page is a markdown file, attachements must be place in a folder named like your page and ending with .</description>
    </item>
    
    <item>
      <title>Button</title>
      <link>/shortcodes/button/</link>
      <pubDate>Mon, 01 Jan 0001 00:00:00 +0000</pubDate>
      
      <guid>/shortcodes/button/</guid>
      <description>A button is a just a clickable button with optional icon.
{{% button href=&amp;quot;https://getgrav.org/&amp;quot; %}}Get Grav{{% /button %}} {{% button href=&amp;quot;https://getgrav.org/&amp;quot; icon=&amp;quot;fas fa-download&amp;quot; %}}Get Grav with icon{{% /button %}} {{% button href=&amp;quot;https://getgrav.org/&amp;quot; icon=&amp;quot;fas fa-download&amp;quot; icon-position=&amp;quot;right&amp;quot; %}}Get Grav with icon right{{% /button %}}  Get Grav   Get Grav with icon  Get Grav with icon right   </description>
    </item>
    
    <item>
      <title>Expand</title>
      <link>/shortcodes/expand/</link>
      <pubDate>Mon, 01 Jan 0001 00:00:00 +0000</pubDate>
      
      <guid>/shortcodes/expand/</guid>
      <description>The Expand shortcode displays an expandable/collapsible section of text on your page. Here is an example
  Expand me...   Lorem ipsum dolor sit amet, consectetur adipisicing elit, sed do eiusmod tempor incididunt ut labore et dolore magna aliqua. Ut enim ad minim veniam, quis nostrud exercitation ullamco laboris nisi ut aliquip ex ea commodo consequat. Duis aute irure dolor in reprehenderit in voluptate velit esse cillum dolore eu fugiat nulla pariatur.</description>
    </item>
    
    <item>
      <title>Mermaid</title>
      <link>/shortcodes/mermaid/</link>
      <pubDate>Mon, 01 Jan 0001 00:00:00 +0000</pubDate>
      
      <guid>/shortcodes/mermaid/</guid>
      <description>Mermaid is a library helping you to generate diagram and flowcharts from text, in a similar manner as Markdown.
Just insert your mermaid code in the mermaid shortcode and that&amp;rsquo;s it.
Flowchart example {{&amp;lt;mermaid align=&amp;quot;left&amp;quot;&amp;gt;}} graph LR; A[Hard edge] --&amp;gt;|Link text| B(Round edge) B --&amp;gt; C{Decision} C --&amp;gt;|One| D[Result one] C --&amp;gt;|Two| E[Result two] {{&amp;lt; /mermaid &amp;gt;}}  renders as
graph LR; A[Hard edge] --|Link text| B(Round edge) B -- C{Decision} C --|One| D[Result one] C --|Two| E[Result two]  Sequence example {{&amp;lt;mermaid&amp;gt;}} sequenceDiagram participant Alice participant Bob Alice-&amp;gt;&amp;gt;John: Hello John, how are you?</description>
    </item>
    
    <item>
      <title>Notice</title>
      <link>/shortcodes/notice/</link>
      <pubDate>Mon, 01 Jan 0001 00:00:00 +0000</pubDate>
      
      <guid>/shortcodes/notice/</guid>
      <description>The notice shortcode shows 4 types of disclaimers to help you structure your page.
Note {{% notice note %}} A notice disclaimer {{% /notice %}}  renders as
A notice disclaimer
 Info {{% notice info %}} An information disclaimer {{% /notice %}}  renders as
An information disclaimer
 Tip {{% notice tip %}} A tip disclaimer {{% /notice %}}  renders as
A tip disclaimer
 Warning {{% notice warning %}} An warning disclaimer {{% /notice %}}  renders as</description>
    </item>
    
    <item>
      <title>Site param</title>
      <link>/shortcodes/siteparam/</link>
      <pubDate>Mon, 01 Jan 0001 00:00:00 +0000</pubDate>
      
      <guid>/shortcodes/siteparam/</guid>
      <description>siteparam shortcode is used to help you print values of site params.
For instance, in this current site, the editURL variable is used in config.toml
[params] editURL = &amp;quot;https://github.com/matcornic/hugo-theme-learn/edit/master/exampleSite/content/&amp;quot;  Use the siteparam shortcode to display its value.
`editURL` Value : {{% siteparam &amp;quot;editURL&amp;quot; %}}  is displayed as
editURL Value : </description>
    </item>
    
  </channel>
</rss>