<?xml version="1.0" encoding="utf-8" standalone="yes" ?>
<rss version="2.0" xmlns:atom="http://www.w3.org/2005/Atom">
  <channel>
    <title>Children on My New Hugo Site</title>
    <link>/shortcodes/children/</link>
    <description>Recent content in Children on My New Hugo Site</description>
    <generator>Hugo -- gohugo.io</generator>
    <language>en-us</language>
    
	<atom:link href="/shortcodes/children/index.xml" rel="self" type="application/rss+xml" />
    
    
    <item>
      <title>page test</title>
      <link>/shortcodes/children/test/</link>
      <pubDate>Mon, 01 Jan 0001 00:00:00 +0000</pubDate>
      
      <guid>/shortcodes/children/test/</guid>
      <description>This is a test demo child page</description>
    </item>
    
  </channel>
</rss>