<?xml version="1.0" encoding="utf-8" standalone="yes" ?>
<rss version="2.0" xmlns:atom="http://www.w3.org/2005/Atom">
  <channel>
    <title>page 1 on My New Hugo Site</title>
    <link>/shortcodes/children/children-1/</link>
    <description>Recent content in page 1 on My New Hugo Site</description>
    <generator>Hugo -- gohugo.io</generator>
    <language>en-us</language>
    
	<atom:link href="/shortcodes/children/children-1/index.xml" rel="self" type="application/rss+xml" />
    
    
  </channel>
</rss>